#,site_name,site_city,match_status,confidence,score,marker_number,marker_name,marker_city,marker_url,photo_url,second_score,second_marker
1,Loockerman Hall,Dover,auto,high,1.240,KC-060,Loockerman Hall,Dover,https://archives.delaware.gov/delaware-historical-markers/loockerman-hall/,https://archives.delaware.gov/wp-content/uploads/sites/156/2019/06/kc-60-2.jpg,0.769,Dover (Loockerman Plaza)
2,Belmont Hall,Smyrna,auto,high,1.240,KC-032,Belmont Hall,Smyrna,https://archives.delaware.gov/delaware-historical-markers/belmont-hall/,https://archives.delaware.gov/wp-content/uploads/sites/156/2022/05/KC_32_1325-003-036_k32p_Belmont_Hall.jpg,0.640,Old Town Hall
3,Governor's House,Dover,review,medium,0.819,KC-138,"Woodburn, The Governor's House",,,,0.715,Dover (S. Governors Ave)
4,Brecknock,Camden,auto,high,1.240,KC-055,Brecknock,Camden,https://archives.delaware.gov/delaware-historical-markers/brecknock/,https://archives.delaware.gov/wp-content/uploads/sites/156/2019/06/kc-55-25.jpg,0.471,Rockwood
5,"Dickinson, John, House",Dover,review,high,0.941,NCC-A4,John Dickinson,Wilmington,https://archives.delaware.gov/delaware-historical-markers/john-dickinson/,https://archives.delaware.gov/wp-content/uploads/sites/156/2019/06/ncca4-2-2.jpg,0.895,Home of John Dickinson
6,Barratt's Chapel,Frederica,auto,high,1.240,KC-093,Barratt's Chapel,Frederica,https://archives.delaware.gov/delaware-historical-markers/barratts-chapel-93/,https://archives.delaware.gov/wp-content/uploads/sites/156/2019/06/kc-93-2.jpg,0.746,Barratt's Chapel (Cradle of Methodism in America)
7,Star Hill AME Church,Camden,auto,high,0.952,KC-050,Star Hill A.M.E. Church,Dover,https://archives.delaware.gov/delaware-historical-markers/star-hill-ame-church/,https://archives.delaware.gov/wp-content/uploads/sites/156/2019/06/kc-50-24.jpg,0.778,Sand Hill Church
8,Old Statehouse or The Green,Dover,auto,high,0.926,KC-A6,State House,Dover,https://archives.delaware.gov/delaware-historical-markers/state-house/,https://archives.delaware.gov/wp-content/uploads/sites/156/2025/12/kc-a6-25.jpg,0.620,The Green or Market Plaine
9,"Thorne, Parson, Mansion",Milford,auto,high,0.919,KC-092,Parson Thorne Mansion (Silver Hill),Milford,https://archives.delaware.gov/delaware-historical-markers/parson-thorne-mansion-silver-hill/,https://archives.delaware.gov/wp-content/uploads/sites/156/2019/06/kc-092-24.jpg,0.718,The Tilton Mansion
10,Vincelette Futuro House,Houston,review,low,0.611,NCC-151,Meeteer House,Newark,https://archives.delaware.gov/delaware-historical-markers/meeteer-house/,https://archives.delaware.gov/wp-content/uploads/sites/156/2025/09/nc-151-25.jpg,0.542,Hiram Rodney Burton House
11,Corbit-Sharp House,Odessa,review,low,0.625,NCC-002,Robinson House,Claymont,,,0.625,Robinson House
12,Scott A.M.E. Zion Church,Wilmington,auto,high,1.075,NCC-112,Scott AME Zion Church,Wilmington,,,0.787,Bethel A.M.E. Church
13,New Castle Historic District,New Castle,review,medium,0.899,NCC-021,New Castle,New Castle,,,0.899,New Castle
14,New Castle County Court House,New Castle,review,medium,0.796,NCC-021,New Castle,New Castle,,,0.796,New Castle
15,Eleutherian Mills,Wilmington,review,low,0.661,NCC-060,du Pont Powder Mills,Wilmington,https://archives.delaware.gov/delaware-historical-markers/dupont-powder-mills/,https://archives.delaware.gov/wp-content/uploads/sites/156/2019/06/ncc-60-24.jpg,0.661,Site of Gilpin Mills
16,Old College Historic District,Newark,auto,high,0.920,NCC-A3,"Old College, UD Newark",Newark,https://archives.delaware.gov/delaware-historical-markers/old-college-a3/,https://archives.delaware.gov/wp-content/uploads/sites/156/2019/06/ncc-a3-25.jpg,0.776,Aiken's Tavern Historic District
17,Howard High School,Wilmington,review,medium,0.811,SC-269,Seaford High School,Seaford,,,0.722,Howard High School - First Secondary School for Blacks
18,African Union Church and Cemetery of Iron Hill and Museum complex,Newark,auto,high,0.903,NCC-251,Site of African Union Church and Cemetery,Bear,https://archives.delaware.gov/delaware-historical-markers/site-of-african-union-church-and-cemetery/,https://archives.delaware.gov/wp-content/uploads/sites/156/2019/06/NCC_251.jpeg,0.699,Iron Hill School #112-C
19,Fort Christina,Wilmington,auto,high,1.240,NCC-A18,Fort Christina,Wilmington,,,0.760,Forty Acres
20,Cooch's Bridge Historic District,Newark,review,medium,0.807,NCC-142,Aiken's Tavern Historic District,Newark,,,0.700,Fells Mill Historic District
21,Hale-Byrnes House,Stanton,review,low,0.688,KC-A1,The Allee House,Smyrna,https://archives.delaware.gov/delaware-historical-markers/the-allee-house/,https://archives.delaware.gov/wp-content/uploads/sites/156/2019/06/kc-a1-1-24.jpg,0.667,The Darley House
22,"Ross, Gov. William H., House",Seaford,review,medium,0.801,SC-211,Governor William H. Ross,Seaford,https://archives.delaware.gov/delaware-historical-markers/governor-william-ross/,https://archives.delaware.gov/wp-content/uploads/sites/156/2019/06/sc_211.jpg,0.667,Governor Ross Mansion
23,Old Christ Church,Laurel,review,high,0.971,SC-063,Old Christ Church (Broadcreek),Laurel,https://archives.delaware.gov/delaware-historical-markers/old-christ-church-63/,https://archives.delaware.gov/wp-content/uploads/sites/156/2019/06/sc-63-2.jpg,0.919,Old Christ Church (Dover)
24,Sussex County Courthouse and the Circle,Georgetown,auto,high,1.209,SC-087,Sussex County Courthouse,Georgetown,https://archives.delaware.gov/delaware-historical-markers/sussex-county-courthouse/,https://archives.delaware.gov/wp-content/uploads/sites/156/2019/06/sc-87-25.jpg,0.853,Old Courthouse
25,Phillips Potato House - in ok condition,Laurel,review,low,0.471,SC-250,Village Improvement Association,Rehoboth Beach,https://archives.delaware.gov/delaware-historical-markers/village-improvement-association/,https://archives.delaware.gov/wp-content/uploads/sites/156/2019/06/sc-250.jpg,0.467,Phillis Wheatley School
26,Prospect A.M.E. Church,Georgetown,auto,high,1.021,SC-107,Prospect A.M.E. Church (Georgetown),Georgetown,https://archives.delaware.gov/delaware-historical-markers/prospect-ame-church/,https://archives.delaware.gov/wp-content/uploads/sites/156/2025/09/sc-107-25.jpg,0.750,Bethel A.M.E. Church
27,Johnson School - Nanticoke Community Center,Millsboro,review,low,0.555,SC-129,Godwin's School District #190,Millsboro,https://archives.delaware.gov/delaware-historical-markers/godwins-school-district-190/,https://archives.delaware.gov/wp-content/uploads/sites/156/2024/02/sc-129-3.jpg,0.520,Dickerson Chapel A.M.E. Church
28,Camp Rehoboth Community Center at 37 Baltimore Ave,Lewes,review,low,0.613,SC-090,City of Rehoboth Beach,Rehoboth,https://archives.delaware.gov/delaware-historical-markers/city-of-rehoboth-beach/,https://archives.delaware.gov/wp-content/uploads/sites/156/2019/06/sc-90-25.jpg,0.515,Lewes & Rehoboth Hundred
29,Delaware Breakwater and Lewes Harbor,Lewes,review,high,1.093,SC-185,Delaware Breakwater East End Lighthouse,Lewes,https://archives.delaware.gov/delaware-historical-markers/delaware-east-end-breakwater-lighthouse/,https://archives.delaware.gov/wp-content/uploads/sites/156/2019/06/sc-185-2.jpg,1.093,Delaware Breakwater East End Lighthouse
30,Fenwick Island Lighthouse Station,Fenwick Island,review,low,0.777,SC-074,Transpeninsular Line,Fenwick Island,https://archives.delaware.gov/delaware-historical-markers/transpeninsular-line/,https://archives.delaware.gov/wp-content/uploads/sites/156/2019/06/sc-074-2.jpg,0.536,Felton Railroad Station
31,Lewes Historic District- Zwaanendael Museum image and several Dutch and early US sites,Lewes,review,low,0.527,SC-157,Lewes Presbyterian Church and Cemetery,Lewes,https://archives.delaware.gov/delaware-historical-markers/lewes-presbyterian-church/,https://archives.delaware.gov/wp-content/uploads/sites/156/2019/06/sc157.jpg,0.490,St George African Methodist Episcopal (AME) Church and Cemetery
